language,pre_median,pre_ci_lower,pre_ci_upper,post_median,post_ci_lower,post_ci_upper,cohens_d,rank_biserial_r,p_value,bonferroni_significant,bonferroni_alpha
english,50.0,48.5,52.5,67.0,60.5,70.0,1.342355760869216,0.6793966623876765,1.1735573249505416e-09,True,0.0125
german,20.0,18.5,22.0,36.5,32.0,43.0,1.6716647219678384,0.7814505776636713,2.8435300758598047e-12,True,0.0125
french,38.5,36.0,41.0,52.5,49.0,61.0,1.2409430120506248,0.628369704749679,1.6697615880895003e-08,True,0.0125
spanish,19.0,17.0,23.0,56.0,50.5,62.0,1.9344798524343925,0.8058408215661104,7.0596451153959e-13,True,0.0125
