Language,Pre_Median,Post_Median,Effect_Pct,Mann_Whitney_U,MW_P_Value,Slope_Pre,Slope_Change,Slope_Post,R_Squared,Slope_Change_P_HAC,Pre_AbsDiff_Mean,Post_AbsDiff_Mean,Volatility_Ratio
Spanish,19.0,56.0,194.7,302.5,7.0596451153959e-13,0.5374,0.4095,0.9469,0.7614,0.06649103518125003,5.062,11.895,2.35
German,20.0,36.5,82.5,340.5,2.8435300758598047e-12,0.2807,0.902,1.1827,0.6676,6.957723107421388e-07,9.395,11.289,1.202
French,38.5,52.5,36.4,579.0,1.6697615880895003e-08,0.0934,0.3683,0.4618,0.2978,0.22952632848526033,8.716,13.5,1.549
English,50.0,67.0,34.0,499.5,1.1735573249505416e-09,0.2154,0.1349,0.3504,0.4106,0.6138608509627022,7.827,9.105,1.163
