language,chatgpt_median_effect_pct,max_placebo_effect_pct,chatgpt_median_strongest,chatgpt_its_slope_change,max_placebo_its_slope_change,chatgpt_its_slope_strongest,chatgpt_its_slope_change_p_hac,pre_trend_slope,pre_trend_r_squared,pre_trend_p_value_hac,pre_trend_significant
english,34.0,36.734693877551024,False,0.13492484824282253,0.4628010807604883,False,0.6138608509627022,0.21544171265005851,0.21593819262768654,0.0003579813310125238,True
german,82.5,95.23809523809523,False,0.9020441883550332,1.1322181126231543,False,6.957723107421388e-07,0.2806891522730491,0.33643994903714824,7.965487590194135e-10,True
french,36.36363636363637,40.54054054054054,False,0.3683103452965995,0.7437029775830095,False,0.22952632848526033,0.09344695856597135,0.03528982045587059,0.19554185399796364,False
spanish,194.73684210526315,211.76470588235296,False,0.4095073300418456,0.6543024481861034,False,0.06649103518125003,0.537423406362578,0.685672883757498,1.2114824567514213e-17,True
